run_id,created_at_utc,experiment_key,experiment_version,test_dataset,symbol,interval,model_name,profile,seed,n_train_datasets,train_datasets_json,n_train_rows,n_test_rows,cv_splits,cv_best_roc_auc,cv_best_accuracy,test_roc_auc,test_accuracy,best_params_json,threshold_long,threshold_short,commission,slippage,total_return_pct,buy_hold_return_pct,excess_return_pct,sharpe,max_drawdown_pct,annualized_return_pct,num_trades,signal_coverage,feature_columns_json,model_path,metadata_path,candle_path,summary_path
ml_20260421T080643Z_models-gradient_boosting-logistic-random_forest_seed-42_a8f28225,2026-04-21T08:06:46.773848+00:00,4f58887e7e357ccebe5c0363,loo_ml_v1,AAPL_1d,AAPL,1d,logistic,standard,42,14,"[""AMZN_1d"", ""AUDUSD=X_1d"", ""BTC-USD_1d"", ""ETH-USD_1d"", ""EURUSD=X_1d"", ""GBPUSD=X_1d"", ""GLD_1d"", ""GOOGL_1d"", ""JPM_1d"", ""JPYUSD=X_1d"", ""MSFT_1d"", ""USO_1d"", ""^DJI_1d"", ""^GSPC_1d""]",17500,1250,5,0.6365165642185142,0.5990666666666666,0.49636486014345316,0.496,"{""clf__C"": 0.01}",0.55,0.45,0.001,0.0,-46.881470283764926,108.60188530384364,-155.48335558760857,-0.5483701133887626,56.87376785901706,-16.867307757963435,243,0.7192,"[""ret_1"", ""ret_3"", ""ret_5"", ""ret_10"", ""close_ma20_ratio"", ""close_ma50_ratio"", ""ma20_slope"", ""ma50_slope"", ""rolling_std_10"", ""atr_close"", ""rsi_14"", ""roc_10"", ""intrabar_pos"", ""breakout_dist_20""]",models\ml_registry\ml_20260421T080643Z_models-gradient_boosting-logistic-random_forest_seed-42_a8f28225\AAPL_1d\logistic\model.joblib,models\ml_registry\ml_20260421T080643Z_models-gradient_boosting-logistic-random_forest_seed-42_a8f28225\AAPL_1d\logistic\metadata.json,analysis\results\ml\ml_20260421T080643Z_models-gradient_boosting-logistic-random_forest_seed-42_a8f28225\AAPL_1d_logistic.csv,analysis\results\ml\ml_20260421T080643Z_models-gradient_boosting-logistic-random_forest_seed-42_a8f28225\summary.csv
ml_20260421T080643Z_models-gradient_boosting-logistic-random_forest_seed-42_a8f28225,2026-04-21T08:07:47.186743+00:00,d5e6eabca0041f74f6ae1d2e,loo_ml_v1,AAPL_1d,AAPL,1d,random_forest,standard,42,14,"[""AMZN_1d"", ""AUDUSD=X_1d"", ""BTC-USD_1d"", ""ETH-USD_1d"", ""EURUSD=X_1d"", ""GBPUSD=X_1d"", ""GLD_1d"", ""GOOGL_1d"", ""JPM_1d"", ""JPYUSD=X_1d"", ""MSFT_1d"", ""USO_1d"", ""^DJI_1d"", ""^GSPC_1d""]",17500,1250,5,0.6485442786205392,0.6079733333333334,0.5276142178925951,0.5312,"{""max_depth"": 10, ""max_features"": ""sqrt"", ""min_samples_leaf"": 1, ""n_estimators"": 200}",0.55,0.45,0.001,0.0,21.895826547119725,108.60188530384364,-86.70605875672392,0.4034609428514577,18.069589479215196,5.951897828787489,184,0.2424,"[""ret_1"", ""ret_3"", ""ret_5"", ""ret_10"", ""close_ma20_ratio"", ""close_ma50_ratio"", ""ma20_slope"", ""ma50_slope"", ""rolling_std_10"", ""atr_close"", ""rsi_14"", ""roc_10"", ""intrabar_pos"", ""breakout_dist_20""]",models\ml_registry\ml_20260421T080643Z_models-gradient_boosting-logistic-random_forest_seed-42_a8f28225\AAPL_1d\random_forest\model.joblib,models\ml_registry\ml_20260421T080643Z_models-gradient_boosting-logistic-random_forest_seed-42_a8f28225\AAPL_1d\random_forest\metadata.json,analysis\results\ml\ml_20260421T080643Z_models-gradient_boosting-logistic-random_forest_seed-42_a8f28225\AAPL_1d_random_forest.csv,analysis\results\ml\ml_20260421T080643Z_models-gradient_boosting-logistic-random_forest_seed-42_a8f28225\summary.csv
ml_20260421T080643Z_models-gradient_boosting-logistic-random_forest_seed-42_a8f28225,2026-04-21T08:16:48.276257+00:00,315b7c4650181eef31e70fe8,loo_ml_v1,AAPL_1d,AAPL,1d,gradient_boosting,standard,42,14,"[""AMZN_1d"", ""AUDUSD=X_1d"", ""BTC-USD_1d"", ""ETH-USD_1d"", ""EURUSD=X_1d"", ""GBPUSD=X_1d"", ""GLD_1d"", ""GOOGL_1d"", ""JPM_1d"", ""JPYUSD=X_1d"", ""MSFT_1d"", ""USO_1d"", ""^DJI_1d"", ""^GSPC_1d""]",17500,1250,5,0.6473622468188376,0.6031466666666667,0.5272365743880634,0.5272,"{""learning_rate"": 0.05, ""max_depth"": 4, ""n_estimators"": 300, ""subsample"": 0.7}",0.55,0.45,0.001,0.0,34.052843322867886,108.60188530384364,-74.54904198097576,0.5003354251331942,20.36596458055958,8.93428839634054,296,0.4344,"[""ret_1"", ""ret_3"", ""ret_5"", ""ret_10"", ""close_ma20_ratio"", ""close_ma50_ratio"", ""ma20_slope"", ""ma50_slope"", ""rolling_std_10"", ""atr_close"", ""rsi_14"", ""roc_10"", ""intrabar_pos"", ""breakout_dist_20""]",models\ml_registry\ml_20260421T080643Z_models-gradient_boosting-logistic-random_forest_seed-42_a8f28225\AAPL_1d\gradient_boosting\model.joblib,models\ml_registry\ml_20260421T080643Z_models-gradient_boosting-logistic-random_forest_seed-42_a8f28225\AAPL_1d\gradient_boosting\metadata.json,analysis\results\ml\ml_20260421T080643Z_models-gradient_boosting-logistic-random_forest_seed-42_a8f28225\AAPL_1d_gradient_boosting.csv,analysis\results\ml\ml_20260421T080643Z_models-gradient_boosting-logistic-random_forest_seed-42_a8f28225\summary.csv
ml_20260421T080643Z_models-gradient_boosting-logistic-random_forest_seed-42_a8f28225,2026-04-21T08:16:48.653730+00:00,d1ce5eb1a1297786c0c732f7,loo_ml_v1,AMZN_1d,AMZN,1d,logistic,standard,42,14,"[""AAPL_1d"", ""AUDUSD=X_1d"", ""BTC-USD_1d"", ""ETH-USD_1d"", ""EURUSD=X_1d"", ""GBPUSD=X_1d"", ""GLD_1d"", ""GOOGL_1d"", ""JPM_1d"", ""JPYUSD=X_1d"", ""MSFT_1d"", ""USO_1d"", ""^DJI_1d"", ""^GSPC_1d""]",17500,1250,5,0.635580254113012,0.5988,0.5058231882275783,0.5032,"{""clf__C"": 0.01}",0.55,0.45,0.001,0.0,-3.5020846094911406,45.30216592168359,-48.80425053117473,0.14918871317725965,39.71637837443068,-1.0355453014312177,259,0.696,"[""ret_1"", ""ret_3"", ""ret_5"", ""ret_10"", ""close_ma20_ratio"", ""close_ma50_ratio"", ""ma20_slope"", ""ma50_slope"", ""rolling_std_10"", ""atr_close"", ""rsi_14"", ""roc_10"", ""intrabar_pos"", ""breakout_dist_20""]",models\ml_registry\ml_20260421T080643Z_models-gradient_boosting-logistic-random_forest_seed-42_a8f28225\AMZN_1d\logistic\model.joblib,models\ml_registry\ml_20260421T080643Z_models-gradient_boosting-logistic-random_forest_seed-42_a8f28225\AMZN_1d\logistic\metadata.json,analysis\results\ml\ml_20260421T080643Z_models-gradient_boosting-logistic-random_forest_seed-42_a8f28225\AMZN_1d_logistic.csv,analysis\results\ml\ml_20260421T080643Z_models-gradient_boosting-logistic-random_forest_seed-42_a8f28225\summary.csv
ml_20260421T080643Z_models-gradient_boosting-logistic-random_forest_seed-42_a8f28225,2026-04-21T08:17:51.882778+00:00,79daeea8024f52fdc705f0ed,loo_ml_v1,AMZN_1d,AMZN,1d,random_forest,standard,42,14,"[""AAPL_1d"", ""AUDUSD=X_1d"", ""BTC-USD_1d"", ""ETH-USD_1d"", ""EURUSD=X_1d"", ""GBPUSD=X_1d"", ""GLD_1d"", ""GOOGL_1d"", ""JPM_1d"", ""JPYUSD=X_1d"", ""MSFT_1d"", ""USO_1d"", ""^DJI_1d"", ""^GSPC_1d""]",17500,1250,5,0.6508835798807138,0.6129333333333333,0.5204695441875717,0.5144,"{""max_depth"": 10, ""max_features"": ""sqrt"", ""min_samples_leaf"": 1, ""n_estimators"": 200}",0.55,0.45,0.001,0.0,-11.032982389033585,45.30216592168359,-56.33514831071717,-0.013428484599623258,32.38694591624988,-3.3560042867585183,168,0.2264,"[""ret_1"", ""ret_3"", ""ret_5"", ""ret_10"", ""close_ma20_ratio"", ""close_ma50_ratio"", ""ma20_slope"", ""ma50_slope"", ""rolling_std_10"", ""atr_close"", ""rsi_14"", ""roc_10"", ""intrabar_pos"", ""breakout_dist_20""]",models\ml_registry\ml_20260421T080643Z_models-gradient_boosting-logistic-random_forest_seed-42_a8f28225\AMZN_1d\random_forest\model.joblib,models\ml_registry\ml_20260421T080643Z_models-gradient_boosting-logistic-random_forest_seed-42_a8f28225\AMZN_1d\random_forest\metadata.json,analysis\results\ml\ml_20260421T080643Z_models-gradient_boosting-logistic-random_forest_seed-42_a8f28225\AMZN_1d_random_forest.csv,analysis\results\ml\ml_20260421T080643Z_models-gradient_boosting-logistic-random_forest_seed-42_a8f28225\summary.csv
ml_20260421T080643Z_models-gradient_boosting-logistic-random_forest_seed-42_a8f28225,2026-04-21T08:26:57.338969+00:00,3d3506434f80439204609bba,loo_ml_v1,AMZN_1d,AMZN,1d,gradient_boosting,standard,42,14,"[""AAPL_1d"", ""AUDUSD=X_1d"", ""BTC-USD_1d"", ""ETH-USD_1d"", ""EURUSD=X_1d"", ""GBPUSD=X_1d"", ""GLD_1d"", ""GOOGL_1d"", ""JPM_1d"", ""JPYUSD=X_1d"", ""MSFT_1d"", ""USO_1d"", ""^DJI_1d"", ""^GSPC_1d""]",17500,1250,5,0.6491510812726083,0.608,0.528652238071815,0.5192,"{""learning_rate"": 0.05, ""max_depth"": 4, ""n_estimators"": 300, ""subsample"": 0.7}",0.55,0.45,0.001,0.0,-2.591045622098387,45.30216592168359,-47.89321154378197,0.13449247433351968,48.28934242738089,-0.7636291525156991,274,0.48,"[""ret_1"", ""ret_3"", ""ret_5"", ""ret_10"", ""close_ma20_ratio"", ""close_ma50_ratio"", ""ma20_slope"", ""ma50_slope"", ""rolling_std_10"", ""atr_close"", ""rsi_14"", ""roc_10"", ""intrabar_pos"", ""breakout_dist_20""]",models\ml_registry\ml_20260421T080643Z_models-gradient_boosting-logistic-random_forest_seed-42_a8f28225\AMZN_1d\gradient_boosting\model.joblib,models\ml_registry\ml_20260421T080643Z_models-gradient_boosting-logistic-random_forest_seed-42_a8f28225\AMZN_1d\gradient_boosting\metadata.json,analysis\results\ml\ml_20260421T080643Z_models-gradient_boosting-logistic-random_forest_seed-42_a8f28225\AMZN_1d_gradient_boosting.csv,analysis\results\ml\ml_20260421T080643Z_models-gradient_boosting-logistic-random_forest_seed-42_a8f28225\summary.csv
ml_20260421T080643Z_models-gradient_boosting-logistic-random_forest_seed-42_a8f28225,2026-04-21T08:26:57.721421+00:00,e700fb950cb4721ca34378bb,loo_ml_v1,AUDUSD=X_1d,AUDUSD=X,1d,logistic,standard,42,14,"[""AAPL_1d"", ""AMZN_1d"", ""BTC-USD_1d"", ""ETH-USD_1d"", ""EURUSD=X_1d"", ""GBPUSD=X_1d"", ""GLD_1d"", ""GOOGL_1d"", ""JPM_1d"", ""JPYUSD=X_1d"", ""MSFT_1d"", ""USO_1d"", ""^DJI_1d"", ""^GSPC_1d""]",17500,1250,5,0.6068858379002284,0.56792,0.8729113599999999,0.8024,"{""clf__C"": 0.01}",0.55,0.45,0.001,0.0,-68.50184828104939,-5.486273821396159,-63.01557445965323,-3.0031464811816964,69.51598392104358,-28.63270427905166,219,0.768,"[""ret_1"", ""ret_3"", ""ret_5"", ""ret_10"", ""close_ma20_ratio"", ""close_ma50_ratio"", ""ma20_slope"", ""ma50_slope"", ""rolling_std_10"", ""atr_close"", ""rsi_14"", ""roc_10"", ""intrabar_pos"", ""breakout_dist_20""]",models\ml_registry\ml_20260421T080643Z_models-gradient_boosting-logistic-random_forest_seed-42_a8f28225\AUDUSD=X_1d\logistic\model.joblib,models\ml_registry\ml_20260421T080643Z_models-gradient_boosting-logistic-random_forest_seed-42_a8f28225\AUDUSD=X_1d\logistic\metadata.json,analysis\results\ml\ml_20260421T080643Z_models-gradient_boosting-logistic-random_forest_seed-42_a8f28225\AUDUSD=X_1d_logistic.csv,analysis\results\ml\ml_20260421T080643Z_models-gradient_boosting-logistic-random_forest_seed-42_a8f28225\summary.csv
ml_20260421T080643Z_models-gradient_boosting-logistic-random_forest_seed-42_a8f28225,2026-04-21T08:28:01.275952+00:00,a64c46f584b59bff588c804b,loo_ml_v1,AUDUSD=X_1d,AUDUSD=X,1d,random_forest,standard,42,14,"[""AAPL_1d"", ""AMZN_1d"", ""BTC-USD_1d"", ""ETH-USD_1d"", ""EURUSD=X_1d"", ""GBPUSD=X_1d"", ""GLD_1d"", ""GOOGL_1d"", ""JPM_1d"", ""JPYUSD=X_1d"", ""MSFT_1d"", ""USO_1d"", ""^DJI_1d"", ""^GSPC_1d""]",17500,1250,5,0.6199434587513284,0.5872533333333334,0.8498252799999999,0.7864,"{""max_depth"": 10, ""max_features"": ""sqrt"", ""min_samples_leaf"": 1, ""n_estimators"": 500}",0.55,0.45,0.001,0.0,-70.97221208924289,-5.486273821396159,-65.48593826784673,-3.310757243528331,72.34589769498876,-30.31462028439975,142,0.812,"[""ret_1"", ""ret_3"", ""ret_5"", ""ret_10"", ""close_ma20_ratio"", ""close_ma50_ratio"", ""ma20_slope"", ""ma50_slope"", ""rolling_std_10"", ""atr_close"", ""rsi_14"", ""roc_10"", ""intrabar_pos"", ""breakout_dist_20""]",models\ml_registry\ml_20260421T080643Z_models-gradient_boosting-logistic-random_forest_seed-42_a8f28225\AUDUSD=X_1d\random_forest\model.joblib,models\ml_registry\ml_20260421T080643Z_models-gradient_boosting-logistic-random_forest_seed-42_a8f28225\AUDUSD=X_1d\random_forest\metadata.json,analysis\results\ml\ml_20260421T080643Z_models-gradient_boosting-logistic-random_forest_seed-42_a8f28225\AUDUSD=X_1d_random_forest.csv,analysis\results\ml\ml_20260421T080643Z_models-gradient_boosting-logistic-random_forest_seed-42_a8f28225\summary.csv
ml_20260421T080643Z_models-gradient_boosting-logistic-random_forest_seed-42_a8f28225,2026-04-21T08:37:47.035153+00:00,b3881aa325d7090318cf2891,loo_ml_v1,AUDUSD=X_1d,AUDUSD=X,1d,gradient_boosting,standard,42,14,"[""AAPL_1d"", ""AMZN_1d"", ""BTC-USD_1d"", ""ETH-USD_1d"", ""EURUSD=X_1d"", ""GBPUSD=X_1d"", ""GLD_1d"", ""GOOGL_1d"", ""JPM_1d"", ""JPYUSD=X_1d"", ""MSFT_1d"", ""USO_1d"", ""^DJI_1d"", ""^GSPC_1d""]",17500,1250,5,0.6185658569326391,0.58696,0.8561791999999999,0.7864,"{""learning_rate"": 0.01, ""max_depth"": 4, ""n_estimators"": 700, ""subsample"": 0.7}",0.55,0.45,0.001,0.0,-70.36645647794948,-5.486273821396159,-64.88018265655333,-3.201622503185109,71.53831529279415,-29.893092979622672,154,0.8272,"[""ret_1"", ""ret_3"", ""ret_5"", ""ret_10"", ""close_ma20_ratio"", ""close_ma50_ratio"", ""ma20_slope"", ""ma50_slope"", ""rolling_std_10"", ""atr_close"", ""rsi_14"", ""roc_10"", ""intrabar_pos"", ""breakout_dist_20""]",models\ml_registry\ml_20260421T080643Z_models-gradient_boosting-logistic-random_forest_seed-42_a8f28225\AUDUSD=X_1d\gradient_boosting\model.joblib,models\ml_registry\ml_20260421T080643Z_models-gradient_boosting-logistic-random_forest_seed-42_a8f28225\AUDUSD=X_1d\gradient_boosting\metadata.json,analysis\results\ml\ml_20260421T080643Z_models-gradient_boosting-logistic-random_forest_seed-42_a8f28225\AUDUSD=X_1d_gradient_boosting.csv,analysis\results\ml\ml_20260421T080643Z_models-gradient_boosting-logistic-random_forest_seed-42_a8f28225\summary.csv
ml_20260421T080643Z_models-gradient_boosting-logistic-random_forest_seed-42_a8f28225,2026-04-21T08:37:47.427569+00:00,d0de1f41c7124ecf7fcfe063,loo_ml_v1,BTC-USD_1d,BTC-USD,1d,logistic,standard,42,14,"[""AAPL_1d"", ""AMZN_1d"", ""AUDUSD=X_1d"", ""ETH-USD_1d"", ""EURUSD=X_1d"", ""GBPUSD=X_1d"", ""GLD_1d"", ""GOOGL_1d"", ""JPM_1d"", ""JPYUSD=X_1d"", ""MSFT_1d"", ""USO_1d"", ""^DJI_1d"", ""^GSPC_1d""]",17500,1250,5,0.6355352230314193,0.5970666666666666,0.5229581387728353,0.5208,"{""clf__C"": 0.01}",0.55,0.45,0.001,0.0,-34.0725792324411,356.18482624582055,-390.25740547826166,-0.18723531442334324,60.212536920368564,-11.45433642510232,310,0.5328,"[""ret_1"", ""ret_3"", ""ret_5"", ""ret_10"", ""close_ma20_ratio"", ""close_ma50_ratio"", ""ma20_slope"", ""ma50_slope"", ""rolling_std_10"", ""atr_close"", ""rsi_14"", ""roc_10"", ""intrabar_pos"", ""breakout_dist_20""]",models\ml_registry\ml_20260421T080643Z_models-gradient_boosting-logistic-random_forest_seed-42_a8f28225\BTC-USD_1d\logistic\model.joblib,models\ml_registry\ml_20260421T080643Z_models-gradient_boosting-logistic-random_forest_seed-42_a8f28225\BTC-USD_1d\logistic\metadata.json,analysis\results\ml\ml_20260421T080643Z_models-gradient_boosting-logistic-random_forest_seed-42_a8f28225\BTC-USD_1d_logistic.csv,analysis\results\ml\ml_20260421T080643Z_models-gradient_boosting-logistic-random_forest_seed-42_a8f28225\summary.csv
ml_20260421T080643Z_models-gradient_boosting-logistic-random_forest_seed-42_a8f28225,2026-04-21T08:38:49.855825+00:00,531f7e64e099153700d14b4c,loo_ml_v1,BTC-USD_1d,BTC-USD,1d,random_forest,standard,42,14,"[""AAPL_1d"", ""AMZN_1d"", ""AUDUSD=X_1d"", ""ETH-USD_1d"", ""EURUSD=X_1d"", ""GBPUSD=X_1d"", ""GLD_1d"", ""GOOGL_1d"", ""JPM_1d"", ""JPYUSD=X_1d"", ""MSFT_1d"", ""USO_1d"", ""^DJI_1d"", ""^GSPC_1d""]",17500,1250,5,0.6465123807451305,0.60768,0.5553115015974441,0.528,"{""max_depth"": 10, ""max_features"": ""sqrt"", ""min_samples_leaf"": 5, ""n_estimators"": 200}",0.55,0.45,0.001,0.0,95.54046624974659,356.18482624582055,-260.64435999607394,0.8876919753322335,27.63474341292319,21.63011034595559,175,0.2352,"[""ret_1"", ""ret_3"", ""ret_5"", ""ret_10"", ""close_ma20_ratio"", ""close_ma50_ratio"", ""ma20_slope"", ""ma50_slope"", ""rolling_std_10"", ""atr_close"", ""rsi_14"", ""roc_10"", ""intrabar_pos"", ""breakout_dist_20""]",models\ml_registry\ml_20260421T080643Z_models-gradient_boosting-logistic-random_forest_seed-42_a8f28225\BTC-USD_1d\random_forest\model.joblib,models\ml_registry\ml_20260421T080643Z_models-gradient_boosting-logistic-random_forest_seed-42_a8f28225\BTC-USD_1d\random_forest\metadata.json,analysis\results\ml\ml_20260421T080643Z_models-gradient_boosting-logistic-random_forest_seed-42_a8f28225\BTC-USD_1d_random_forest.csv,analysis\results\ml\ml_20260421T080643Z_models-gradient_boosting-logistic-random_forest_seed-42_a8f28225\summary.csv
ml_20260421T080643Z_models-gradient_boosting-logistic-random_forest_seed-42_a8f28225,2026-04-21T08:48:34.300857+00:00,c2d2be8cca75c88d2a476e9f,loo_ml_v1,BTC-USD_1d,BTC-USD,1d,gradient_boosting,standard,42,14,"[""AAPL_1d"", ""AMZN_1d"", ""AUDUSD=X_1d"", ""ETH-USD_1d"", ""EURUSD=X_1d"", ""GBPUSD=X_1d"", ""GLD_1d"", ""GOOGL_1d"", ""JPM_1d"", ""JPYUSD=X_1d"", ""MSFT_1d"", ""USO_1d"", ""^DJI_1d"", ""^GSPC_1d""]",17500,1250,5,0.648449987472357,0.6072,0.541838187105759,0.52,"{""learning_rate"": 0.01, ""max_depth"": 4, ""n_estimators"": 700, ""subsample"": 0.7}",0.55,0.45,0.001,0.0,57.02196456196844,356.18482624582055,-299.1628616838521,0.6105948575410459,33.96905287748605,14.082870129785485,218,0.3,"[""ret_1"", ""ret_3"", ""ret_5"", ""ret_10"", ""close_ma20_ratio"", ""close_ma50_ratio"", ""ma20_slope"", ""ma50_slope"", ""rolling_std_10"", ""atr_close"", ""rsi_14"", ""roc_10"", ""intrabar_pos"", ""breakout_dist_20""]",models\ml_registry\ml_20260421T080643Z_models-gradient_boosting-logistic-random_forest_seed-42_a8f28225\BTC-USD_1d\gradient_boosting\model.joblib,models\ml_registry\ml_20260421T080643Z_models-gradient_boosting-logistic-random_forest_seed-42_a8f28225\BTC-USD_1d\gradient_boosting\metadata.json,analysis\results\ml\ml_20260421T080643Z_models-gradient_boosting-logistic-random_forest_seed-42_a8f28225\BTC-USD_1d_gradient_boosting.csv,analysis\results\ml\ml_20260421T080643Z_models-gradient_boosting-logistic-random_forest_seed-42_a8f28225\summary.csv
ml_20260421T080643Z_models-gradient_boosting-logistic-random_forest_seed-42_a8f28225,2026-04-21T08:48:34.668469+00:00,f4ace4b0e8fd5b1d14b9b125,loo_ml_v1,ETH-USD_1d,ETH-USD,1d,logistic,standard,42,14,"[""AAPL_1d"", ""AMZN_1d"", ""AUDUSD=X_1d"", ""BTC-USD_1d"", ""EURUSD=X_1d"", ""GBPUSD=X_1d"", ""GLD_1d"", ""GOOGL_1d"", ""JPM_1d"", ""JPYUSD=X_1d"", ""MSFT_1d"", ""USO_1d"", ""^DJI_1d"", ""^GSPC_1d""]",17500,1250,5,0.6366095033141439,0.5998933333333333,0.5095781320017925,0.5064,"{""clf__C"": 0.01}",0.55,0.45,0.001,0.0,-75.0240953205473,91.45669128009584,-166.48078660064314,-0.5420886341893939,82.68812754632123,-33.30762266979276,290,0.6024,"[""ret_1"", ""ret_3"", ""ret_5"", ""ret_10"", ""close_ma20_ratio"", ""close_ma50_ratio"", ""ma20_slope"", ""ma50_slope"", ""rolling_std_10"", ""atr_close"", ""rsi_14"", ""roc_10"", ""intrabar_pos"", ""breakout_dist_20""]",models\ml_registry\ml_20260421T080643Z_models-gradient_boosting-logistic-random_forest_seed-42_a8f28225\ETH-USD_1d\logistic\model.joblib,models\ml_registry\ml_20260421T080643Z_models-gradient_boosting-logistic-random_forest_seed-42_a8f28225\ETH-USD_1d\logistic\metadata.json,analysis\results\ml\ml_20260421T080643Z_models-gradient_boosting-logistic-random_forest_seed-42_a8f28225\ETH-USD_1d_logistic.csv,analysis\results\ml\ml_20260421T080643Z_models-gradient_boosting-logistic-random_forest_seed-42_a8f28225\summary.csv
ml_20260421T080643Z_models-gradient_boosting-logistic-random_forest_seed-42_a8f28225,2026-04-21T08:49:36.552130+00:00,2f3747dec90764f11b3e2e1f,loo_ml_v1,ETH-USD_1d,ETH-USD,1d,random_forest,standard,42,14,"[""AAPL_1d"", ""AMZN_1d"", ""AUDUSD=X_1d"", ""BTC-USD_1d"", ""EURUSD=X_1d"", ""GBPUSD=X_1d"", ""GLD_1d"", ""GOOGL_1d"", ""JPM_1d"", ""JPYUSD=X_1d"", ""MSFT_1d"", ""USO_1d"", ""^DJI_1d"", ""^GSPC_1d""]",17500,1250,5,0.6484571763717618,0.6103999999999999,0.5297714614941426,0.5208,"{""max_depth"": 10, ""max_features"": ""sqrt"", ""min_samples_leaf"": 5, ""n_estimators"": 200}",0.55,0.45,0.001,0.0,111.75947787233973,91.45669128009584,20.30278659224389,0.7539558819933353,49.10813516062971,24.49333877012412,222,0.3472,"[""ret_1"", ""ret_3"", ""ret_5"", ""ret_10"", ""close_ma20_ratio"", ""close_ma50_ratio"", ""ma20_slope"", ""ma50_slope"", ""rolling_std_10"", ""atr_close"", ""rsi_14"", ""roc_10"", ""intrabar_pos"", ""breakout_dist_20""]",models\ml_registry\ml_20260421T080643Z_models-gradient_boosting-logistic-random_forest_seed-42_a8f28225\ETH-USD_1d\random_forest\model.joblib,models\ml_registry\ml_20260421T080643Z_models-gradient_boosting-logistic-random_forest_seed-42_a8f28225\ETH-USD_1d\random_forest\metadata.json,analysis\results\ml\ml_20260421T080643Z_models-gradient_boosting-logistic-random_forest_seed-42_a8f28225\ETH-USD_1d_random_forest.csv,analysis\results\ml\ml_20260421T080643Z_models-gradient_boosting-logistic-random_forest_seed-42_a8f28225\summary.csv
ml_20260421T080643Z_models-gradient_boosting-logistic-random_forest_seed-42_a8f28225,2026-04-21T08:58:31.287115+00:00,cacc1764ba6bbb18cf6101d6,loo_ml_v1,ETH-USD_1d,ETH-USD,1d,gradient_boosting,standard,42,14,"[""AAPL_1d"", ""AMZN_1d"", ""AUDUSD=X_1d"", ""BTC-USD_1d"", ""EURUSD=X_1d"", ""GBPUSD=X_1d"", ""GLD_1d"", ""GOOGL_1d"", ""JPM_1d"", ""JPYUSD=X_1d"", ""MSFT_1d"", ""USO_1d"", ""^DJI_1d"", ""^GSPC_1d""]",17500,1250,5,0.651128288027994,0.6095733333333333,0.5309493630369375,0.524,"{""learning_rate"": 0.1, ""max_depth"": 4, ""n_estimators"": 100, ""subsample"": 0.7}",0.55,0.45,0.001,0.0,-61.49712918067058,91.45669128009584,-152.95382046076642,-0.3086484955129519,78.07136081667012,-24.32298581460942,268,0.584,"[""ret_1"", ""ret_3"", ""ret_5"", ""ret_10"", ""close_ma20_ratio"", ""close_ma50_ratio"", ""ma20_slope"", ""ma50_slope"", ""rolling_std_10"", ""atr_close"", ""rsi_14"", ""roc_10"", ""intrabar_pos"", ""breakout_dist_20""]",models\ml_registry\ml_20260421T080643Z_models-gradient_boosting-logistic-random_forest_seed-42_a8f28225\ETH-USD_1d\gradient_boosting\model.joblib,models\ml_registry\ml_20260421T080643Z_models-gradient_boosting-logistic-random_forest_seed-42_a8f28225\ETH-USD_1d\gradient_boosting\metadata.json,analysis\results\ml\ml_20260421T080643Z_models-gradient_boosting-logistic-random_forest_seed-42_a8f28225\ETH-USD_1d_gradient_boosting.csv,analysis\results\ml\ml_20260421T080643Z_models-gradient_boosting-logistic-random_forest_seed-42_a8f28225\summary.csv
ml_20260421T080643Z_models-gradient_boosting-logistic-random_forest_seed-42_a8f28225,2026-04-21T08:58:31.645948+00:00,27c40980407b3b6e51f85d09,loo_ml_v1,EURUSD=X_1d,EURUSD=X,1d,logistic,standard,42,14,"[""AAPL_1d"", ""AMZN_1d"", ""AUDUSD=X_1d"", ""BTC-USD_1d"", ""ETH-USD_1d"", ""GBPUSD=X_1d"", ""GLD_1d"", ""GOOGL_1d"", ""JPM_1d"", ""JPYUSD=X_1d"", ""MSFT_1d"", ""USO_1d"", ""^DJI_1d"", ""^GSPC_1d""]",17500,1250,5,0.6061343684502816,0.57072,0.8679602035999426,0.7928,"{""clf__C"": 0.01}",0.55,0.45,0.001,0.0,-58.27890641715201,-1.3532646659383252,-56.92564175121368,-3.139516368927656,59.53122776570694,-22.528162005112385,246,0.7248,"[""ret_1"", ""ret_3"", ""ret_5"", ""ret_10"", ""close_ma20_ratio"", ""close_ma50_ratio"", ""ma20_slope"", ""ma50_slope"", ""rolling_std_10"", ""atr_close"", ""rsi_14"", ""roc_10"", ""intrabar_pos"", ""breakout_dist_20""]",models\ml_registry\ml_20260421T080643Z_models-gradient_boosting-logistic-random_forest_seed-42_a8f28225\EURUSD=X_1d\logistic\model.joblib,models\ml_registry\ml_20260421T080643Z_models-gradient_boosting-logistic-random_forest_seed-42_a8f28225\EURUSD=X_1d\logistic\metadata.json,analysis\results\ml\ml_20260421T080643Z_models-gradient_boosting-logistic-random_forest_seed-42_a8f28225\EURUSD=X_1d_logistic.csv,analysis\results\ml\ml_20260421T080643Z_models-gradient_boosting-logistic-random_forest_seed-42_a8f28225\summary.csv
ml_20260421T080643Z_models-gradient_boosting-logistic-random_forest_seed-42_a8f28225,2026-04-21T08:59:39.496535+00:00,a79d74617e98745a67e0e5ce,loo_ml_v1,EURUSD=X_1d,EURUSD=X,1d,random_forest,standard,42,14,"[""AAPL_1d"", ""AMZN_1d"", ""AUDUSD=X_1d"", ""BTC-USD_1d"", ""ETH-USD_1d"", ""GBPUSD=X_1d"", ""GLD_1d"", ""GOOGL_1d"", ""JPM_1d"", ""JPYUSD=X_1d"", ""MSFT_1d"", ""USO_1d"", ""^DJI_1d"", ""^GSPC_1d""]",17500,1250,5,0.6268259379926631,0.58336,0.8475540299242659,0.7904,"{""max_depth"": 10, ""max_features"": ""sqrt"", ""min_samples_leaf"": 5, ""n_estimators"": 500}",0.55,0.45,0.001,0.0,-68.65289588349684,-1.3532646659383252,-67.29963121755851,-3.8058406230985,69.53804202428306,-28.732807834117267,94,0.9048,"[""ret_1"", ""ret_3"", ""ret_5"", ""ret_10"", ""close_ma20_ratio"", ""close_ma50_ratio"", ""ma20_slope"", ""ma50_slope"", ""rolling_std_10"", ""atr_close"", ""rsi_14"", ""roc_10"", ""intrabar_pos"", ""breakout_dist_20""]",models\ml_registry\ml_20260421T080643Z_models-gradient_boosting-logistic-random_forest_seed-42_a8f28225\EURUSD=X_1d\random_forest\model.joblib,models\ml_registry\ml_20260421T080643Z_models-gradient_boosting-logistic-random_forest_seed-42_a8f28225\EURUSD=X_1d\random_forest\metadata.json,analysis\results\ml\ml_20260421T080643Z_models-gradient_boosting-logistic-random_forest_seed-42_a8f28225\EURUSD=X_1d_random_forest.csv,analysis\results\ml\ml_20260421T080643Z_models-gradient_boosting-logistic-random_forest_seed-42_a8f28225\summary.csv
ml_20260421T080643Z_models-gradient_boosting-logistic-random_forest_seed-42_a8f28225,2026-04-21T09:09:25.590325+00:00,d46bb6328d0bf48da2b5f047,loo_ml_v1,EURUSD=X_1d,EURUSD=X,1d,gradient_boosting,standard,42,14,"[""AAPL_1d"", ""AMZN_1d"", ""AUDUSD=X_1d"", ""BTC-USD_1d"", ""ETH-USD_1d"", ""GBPUSD=X_1d"", ""GLD_1d"", ""GOOGL_1d"", ""JPM_1d"", ""JPYUSD=X_1d"", ""MSFT_1d"", ""USO_1d"", ""^DJI_1d"", ""^GSPC_1d""]",17500,1250,5,0.6250611851438695,0.5822666666666667,0.8567924799376067,0.7888,"{""learning_rate"": 0.01, ""max_depth"": 4, ""n_estimators"": 700, ""subsample"": 0.7}",0.55,0.45,0.001,0.0,-67.46110123001127,-1.3532646659383252,-66.10783656407294,-3.6889475651002908,68.37989999893892,-27.952049301680727,105,0.8968,"[""ret_1"", ""ret_3"", ""ret_5"", ""ret_10"", ""close_ma20_ratio"", ""close_ma50_ratio"", ""ma20_slope"", ""ma50_slope"", ""rolling_std_10"", ""atr_close"", ""rsi_14"", ""roc_10"", ""intrabar_pos"", ""breakout_dist_20""]",models\ml_registry\ml_20260421T080643Z_models-gradient_boosting-logistic-random_forest_seed-42_a8f28225\EURUSD=X_1d\gradient_boosting\model.joblib,models\ml_registry\ml_20260421T080643Z_models-gradient_boosting-logistic-random_forest_seed-42_a8f28225\EURUSD=X_1d\gradient_boosting\metadata.json,analysis\results\ml\ml_20260421T080643Z_models-gradient_boosting-logistic-random_forest_seed-42_a8f28225\EURUSD=X_1d_gradient_boosting.csv,analysis\results\ml\ml_20260421T080643Z_models-gradient_boosting-logistic-random_forest_seed-42_a8f28225\summary.csv
ml_20260421T080643Z_models-gradient_boosting-logistic-random_forest_seed-42_a8f28225,2026-04-21T09:09:25.966650+00:00,0b48b128321b184103d02122,loo_ml_v1,GBPUSD=X_1d,GBPUSD=X,1d,logistic,standard,42,14,"[""AAPL_1d"", ""AMZN_1d"", ""AUDUSD=X_1d"", ""BTC-USD_1d"", ""ETH-USD_1d"", ""EURUSD=X_1d"", ""GLD_1d"", ""GOOGL_1d"", ""JPM_1d"", ""JPYUSD=X_1d"", ""MSFT_1d"", ""USO_1d"", ""^DJI_1d"", ""^GSPC_1d""]",17500,1250,5,0.6045116795818495,0.5704266666666666,0.8849565678210178,0.8144,"{""clf__C"": 0.01}",0.55,0.45,0.001,0.0,-65.35861405750103,-2.6831038914166383,-62.67551016608439,-3.5539895234409276,66.57053151844235,-26.622685083239695,242,0.7432,"[""ret_1"", ""ret_3"", ""ret_5"", ""ret_10"", ""close_ma20_ratio"", ""close_ma50_ratio"", ""ma20_slope"", ""ma50_slope"", ""rolling_std_10"", ""atr_close"", ""rsi_14"", ""roc_10"", ""intrabar_pos"", ""breakout_dist_20""]",models\ml_registry\ml_20260421T080643Z_models-gradient_boosting-logistic-random_forest_seed-42_a8f28225\GBPUSD=X_1d\logistic\model.joblib,models\ml_registry\ml_20260421T080643Z_models-gradient_boosting-logistic-random_forest_seed-42_a8f28225\GBPUSD=X_1d\logistic\metadata.json,analysis\results\ml\ml_20260421T080643Z_models-gradient_boosting-logistic-random_forest_seed-42_a8f28225\GBPUSD=X_1d_logistic.csv,analysis\results\ml\ml_20260421T080643Z_models-gradient_boosting-logistic-random_forest_seed-42_a8f28225\summary.csv
ml_20260421T080643Z_models-gradient_boosting-logistic-random_forest_seed-42_a8f28225,2026-04-21T09:10:29.390016+00:00,ca9e5a085475cf2b966b6bd3,loo_ml_v1,GBPUSD=X_1d,GBPUSD=X,1d,random_forest,standard,42,14,"[""AAPL_1d"", ""AMZN_1d"", ""AUDUSD=X_1d"", ""BTC-USD_1d"", ""ETH-USD_1d"", ""EURUSD=X_1d"", ""GLD_1d"", ""GOOGL_1d"", ""JPM_1d"", ""JPYUSD=X_1d"", ""MSFT_1d"", ""USO_1d"", ""^DJI_1d"", ""^GSPC_1d""]",17500,1250,5,0.6249939000405798,0.5797333333333333,0.8704714945124152,0.8,"{""max_depth"": 10, ""max_features"": ""sqrt"", ""min_samples_leaf"": 5, ""n_estimators"": 500}",0.55,0.45,0.001,0.0,-66.59042764216242,-2.6831038914166383,-63.90732375074579,-3.3379070107802997,67.84198703702376,-27.39436840754732,86,0.9056,"[""ret_1"", ""ret_3"", ""ret_5"", ""ret_10"", ""close_ma20_ratio"", ""close_ma50_ratio"", ""ma20_slope"", ""ma50_slope"", ""rolling_std_10"", ""atr_close"", ""rsi_14"", ""roc_10"", ""intrabar_pos"", ""breakout_dist_20""]",models\ml_registry\ml_20260421T080643Z_models-gradient_boosting-logistic-random_forest_seed-42_a8f28225\GBPUSD=X_1d\random_forest\model.joblib,models\ml_registry\ml_20260421T080643Z_models-gradient_boosting-logistic-random_forest_seed-42_a8f28225\GBPUSD=X_1d\random_forest\metadata.json,analysis\results\ml\ml_20260421T080643Z_models-gradient_boosting-logistic-random_forest_seed-42_a8f28225\GBPUSD=X_1d_random_forest.csv,analysis\results\ml\ml_20260421T080643Z_models-gradient_boosting-logistic-random_forest_seed-42_a8f28225\summary.csv
ml_20260421T080643Z_models-gradient_boosting-logistic-random_forest_seed-42_a8f28225,2026-04-21T09:19:44.564485+00:00,2cf4e551a807156be5eb9a69,loo_ml_v1,GBPUSD=X_1d,GBPUSD=X,1d,gradient_boosting,standard,42,14,"[""AAPL_1d"", ""AMZN_1d"", ""AUDUSD=X_1d"", ""BTC-USD_1d"", ""ETH-USD_1d"", ""EURUSD=X_1d"", ""GLD_1d"", ""GOOGL_1d"", ""JPM_1d"", ""JPYUSD=X_1d"", ""MSFT_1d"", ""USO_1d"", ""^DJI_1d"", ""^GSPC_1d""]",17500,1250,5,0.6240155602552556,0.5845866666666666,0.8765005414621783,0.8008,"{""learning_rate"": 0.05, ""max_depth"": 4, ""n_estimators"": 300, ""subsample"": 0.7}",0.55,0.45,0.001,0.0,-63.061312658274545,-2.6831038914166383,-60.37820876685791,-2.9996272217338706,64.44507658919888,-25.233924355001957,91,0.9072,"[""ret_1"", ""ret_3"", ""ret_5"", ""ret_10"", ""close_ma20_ratio"", ""close_ma50_ratio"", ""ma20_slope"", ""ma50_slope"", ""rolling_std_10"", ""atr_close"", ""rsi_14"", ""roc_10"", ""intrabar_pos"", ""breakout_dist_20""]",models\ml_registry\ml_20260421T080643Z_models-gradient_boosting-logistic-random_forest_seed-42_a8f28225\GBPUSD=X_1d\gradient_boosting\model.joblib,models\ml_registry\ml_20260421T080643Z_models-gradient_boosting-logistic-random_forest_seed-42_a8f28225\GBPUSD=X_1d\gradient_boosting\metadata.json,analysis\results\ml\ml_20260421T080643Z_models-gradient_boosting-logistic-random_forest_seed-42_a8f28225\GBPUSD=X_1d_gradient_boosting.csv,analysis\results\ml\ml_20260421T080643Z_models-gradient_boosting-logistic-random_forest_seed-42_a8f28225\summary.csv
ml_20260421T080643Z_models-gradient_boosting-logistic-random_forest_seed-42_a8f28225,2026-04-21T09:19:44.953904+00:00,b3c26127aab99928f7a15954,loo_ml_v1,GLD_1d,GLD,1d,logistic,standard,42,14,"[""AAPL_1d"", ""AMZN_1d"", ""AUDUSD=X_1d"", ""BTC-USD_1d"", ""ETH-USD_1d"", ""EURUSD=X_1d"", ""GBPUSD=X_1d"", ""GOOGL_1d"", ""JPM_1d"", ""JPYUSD=X_1d"", ""MSFT_1d"", ""USO_1d"", ""^DJI_1d"", ""^GSPC_1d""]",17500,1250,5,0.6358032758973373,0.5937066666666667,0.4890376676986584,0.4912,"{""clf__C"": 0.01}",0.55,0.45,0.001,0.0,-36.026640128522814,165.64715851582386,-201.67379864434668,-0.6617774349700065,47.57569248138444,-12.2288568298766,236,0.7592,"[""ret_1"", ""ret_3"", ""ret_5"", ""ret_10"", ""close_ma20_ratio"", ""close_ma50_ratio"", ""ma20_slope"", ""ma50_slope"", ""rolling_std_10"", ""atr_close"", ""rsi_14"", ""roc_10"", ""intrabar_pos"", ""breakout_dist_20""]",models\ml_registry\ml_20260421T080643Z_models-gradient_boosting-logistic-random_forest_seed-42_a8f28225\GLD_1d\logistic\model.joblib,models\ml_registry\ml_20260421T080643Z_models-gradient_boosting-logistic-random_forest_seed-42_a8f28225\GLD_1d\logistic\metadata.json,analysis\results\ml\ml_20260421T080643Z_models-gradient_boosting-logistic-random_forest_seed-42_a8f28225\GLD_1d_logistic.csv,analysis\results\ml\ml_20260421T080643Z_models-gradient_boosting-logistic-random_forest_seed-42_a8f28225\summary.csv
ml_20260421T080643Z_models-gradient_boosting-logistic-random_forest_seed-42_a8f28225,2026-04-21T09:20:49.758637+00:00,5a86b7216791e39f5bf2c701,loo_ml_v1,GLD_1d,GLD,1d,random_forest,standard,42,14,"[""AAPL_1d"", ""AMZN_1d"", ""AUDUSD=X_1d"", ""BTC-USD_1d"", ""ETH-USD_1d"", ""EURUSD=X_1d"", ""GBPUSD=X_1d"", ""GOOGL_1d"", ""JPM_1d"", ""JPYUSD=X_1d"", ""MSFT_1d"", ""USO_1d"", ""^DJI_1d"", ""^GSPC_1d""]",17500,1250,5,0.6618083540981948,0.6017866666666667,0.4805572755417957,0.492,"{""max_depth"": 10, ""max_features"": ""sqrt"", ""min_samples_leaf"": 1, ""n_estimators"": 500}",0.55,0.45,0.001,0.0,-34.9796058559149,165.64715851582386,-200.62676437173877,-0.8147364423240726,44.29099204756467,-11.811799146745749,193,0.5512,"[""ret_1"", ""ret_3"", ""ret_5"", ""ret_10"", ""close_ma20_ratio"", ""close_ma50_ratio"", ""ma20_slope"", ""ma50_slope"", ""rolling_std_10"", ""atr_close"", ""rsi_14"", ""roc_10"", ""intrabar_pos"", ""breakout_dist_20""]",models\ml_registry\ml_20260421T080643Z_models-gradient_boosting-logistic-random_forest_seed-42_a8f28225\GLD_1d\random_forest\model.joblib,models\ml_registry\ml_20260421T080643Z_models-gradient_boosting-logistic-random_forest_seed-42_a8f28225\GLD_1d\random_forest\metadata.json,analysis\results\ml\ml_20260421T080643Z_models-gradient_boosting-logistic-random_forest_seed-42_a8f28225\GLD_1d_random_forest.csv,analysis\results\ml\ml_20260421T080643Z_models-gradient_boosting-logistic-random_forest_seed-42_a8f28225\summary.csv
ml_20260421T080643Z_models-gradient_boosting-logistic-random_forest_seed-42_a8f28225,2026-04-21T09:30:41.253060+00:00,05d5804e241ab80c39a6f624,loo_ml_v1,GLD_1d,GLD,1d,gradient_boosting,standard,42,14,"[""AAPL_1d"", ""AMZN_1d"", ""AUDUSD=X_1d"", ""BTC-USD_1d"", ""ETH-USD_1d"", ""EURUSD=X_1d"", ""GBPUSD=X_1d"", ""GOOGL_1d"", ""JPM_1d"", ""JPYUSD=X_1d"", ""MSFT_1d"", ""USO_1d"", ""^DJI_1d"", ""^GSPC_1d""]",17500,1250,5,0.661950659115986,0.6006933333333333,0.4782843137254902,0.4896,"{""learning_rate"": 0.01, ""max_depth"": 4, ""n_estimators"": 700, ""subsample"": 0.7}",0.55,0.45,0.001,0.0,-31.220643525561265,165.64715851582386,-196.86780204138512,-0.678865844639389,46.14121004574292,-10.352585734033848,227,0.5592,"[""ret_1"", ""ret_3"", ""ret_5"", ""ret_10"", ""close_ma20_ratio"", ""close_ma50_ratio"", ""ma20_slope"", ""ma50_slope"", ""rolling_std_10"", ""atr_close"", ""rsi_14"", ""roc_10"", ""intrabar_pos"", ""breakout_dist_20""]",models\ml_registry\ml_20260421T080643Z_models-gradient_boosting-logistic-random_forest_seed-42_a8f28225\GLD_1d\gradient_boosting\model.joblib,models\ml_registry\ml_20260421T080643Z_models-gradient_boosting-logistic-random_forest_seed-42_a8f28225\GLD_1d\gradient_boosting\metadata.json,analysis\results\ml\ml_20260421T080643Z_models-gradient_boosting-logistic-random_forest_seed-42_a8f28225\GLD_1d_gradient_boosting.csv,analysis\results\ml\ml_20260421T080643Z_models-gradient_boosting-logistic-random_forest_seed-42_a8f28225\summary.csv
ml_20260421T080643Z_models-gradient_boosting-logistic-random_forest_seed-42_a8f28225,2026-04-21T09:30:41.621615+00:00,095c01397685e88d17f51d5d,loo_ml_v1,GOOGL_1d,GOOGL,1d,logistic,standard,42,14,"[""AAPL_1d"", ""AMZN_1d"", ""AUDUSD=X_1d"", ""BTC-USD_1d"", ""ETH-USD_1d"", ""EURUSD=X_1d"", ""GBPUSD=X_1d"", ""GLD_1d"", ""JPM_1d"", ""JPYUSD=X_1d"", ""MSFT_1d"", ""USO_1d"", ""^DJI_1d"", ""^GSPC_1d""]",17500,1250,5,0.6343002276790362,0.5918933333333334,0.5028146304206387,0.4984,"{""clf__C"": 0.01}",0.55,0.45,0.001,0.0,-33.47751548899141,196.99847398699876,-230.47598947599016,-0.22855947942073085,63.552899515707374,-11.221706931385157,269,0.6864,"[""ret_1"", ""ret_3"", ""ret_5"", ""ret_10"", ""close_ma20_ratio"", ""close_ma50_ratio"", ""ma20_slope"", ""ma50_slope"", ""rolling_std_10"", ""atr_close"", ""rsi_14"", ""roc_10"", ""intrabar_pos"", ""breakout_dist_20""]",models\ml_registry\ml_20260421T080643Z_models-gradient_boosting-logistic-random_forest_seed-42_a8f28225\GOOGL_1d\logistic\model.joblib,models\ml_registry\ml_20260421T080643Z_models-gradient_boosting-logistic-random_forest_seed-42_a8f28225\GOOGL_1d\logistic\metadata.json,analysis\results\ml\ml_20260421T080643Z_models-gradient_boosting-logistic-random_forest_seed-42_a8f28225\GOOGL_1d_logistic.csv,analysis\results\ml\ml_20260421T080643Z_models-gradient_boosting-logistic-random_forest_seed-42_a8f28225\summary.csv
ml_20260421T080643Z_models-gradient_boosting-logistic-random_forest_seed-42_a8f28225,2026-04-21T09:31:44.149571+00:00,4285456f99fea231d3477f3b,loo_ml_v1,GOOGL_1d,GOOGL,1d,random_forest,standard,42,14,"[""AAPL_1d"", ""AMZN_1d"", ""AUDUSD=X_1d"", ""BTC-USD_1d"", ""ETH-USD_1d"", ""EURUSD=X_1d"", ""GBPUSD=X_1d"", ""GLD_1d"", ""JPM_1d"", ""JPYUSD=X_1d"", ""MSFT_1d"", ""USO_1d"", ""^DJI_1d"", ""^GSPC_1d""]",17500,1250,5,0.6565538849063135,0.5969866666666667,0.5280190093632429,0.5264,"{""max_depth"": 10, ""max_features"": ""sqrt"", ""min_samples_leaf"": 1, ""n_estimators"": 200}",0.55,0.45,0.001,0.0,17.804567150189186,196.99847398699876,-179.19390683680956,0.37580328217019304,16.190672853373744,4.900930698213424,154,0.18,"[""ret_1"", ""ret_3"", ""ret_5"", ""ret_10"", ""close_ma20_ratio"", ""close_ma50_ratio"", ""ma20_slope"", ""ma50_slope"", ""rolling_std_10"", ""atr_close"", ""rsi_14"", ""roc_10"", ""intrabar_pos"", ""breakout_dist_20""]",models\ml_registry\ml_20260421T080643Z_models-gradient_boosting-logistic-random_forest_seed-42_a8f28225\GOOGL_1d\random_forest\model.joblib,models\ml_registry\ml_20260421T080643Z_models-gradient_boosting-logistic-random_forest_seed-42_a8f28225\GOOGL_1d\random_forest\metadata.json,analysis\results\ml\ml_20260421T080643Z_models-gradient_boosting-logistic-random_forest_seed-42_a8f28225\GOOGL_1d_random_forest.csv,analysis\results\ml\ml_20260421T080643Z_models-gradient_boosting-logistic-random_forest_seed-42_a8f28225\summary.csv
ml_20260421T080643Z_models-gradient_boosting-logistic-random_forest_seed-42_a8f28225,2026-04-21T09:41:28.756815+00:00,29ab08856d94dac05e4c2e93,loo_ml_v1,GOOGL_1d,GOOGL,1d,gradient_boosting,standard,42,14,"[""AAPL_1d"", ""AMZN_1d"", ""AUDUSD=X_1d"", ""BTC-USD_1d"", ""ETH-USD_1d"", ""EURUSD=X_1d"", ""GBPUSD=X_1d"", ""GLD_1d"", ""JPM_1d"", ""JPYUSD=X_1d"", ""MSFT_1d"", ""USO_1d"", ""^DJI_1d"", ""^GSPC_1d""]",17500,1250,5,0.6575090794185329,0.5999733333333334,0.5242721692327078,0.5288,"{""learning_rate"": 0.01, ""max_depth"": 4, ""n_estimators"": 700, ""subsample"": 0.7}",0.55,0.45,0.001,0.0,10.0688517225344,196.99847398699876,-186.92962226446437,0.24708095167965705,24.223192056899002,2.840934711256171,199,0.2344,"[""ret_1"", ""ret_3"", ""ret_5"", ""ret_10"", ""close_ma20_ratio"", ""close_ma50_ratio"", ""ma20_slope"", ""ma50_slope"", ""rolling_std_10"", ""atr_close"", ""rsi_14"", ""roc_10"", ""intrabar_pos"", ""breakout_dist_20""]",models\ml_registry\ml_20260421T080643Z_models-gradient_boosting-logistic-random_forest_seed-42_a8f28225\GOOGL_1d\gradient_boosting\model.joblib,models\ml_registry\ml_20260421T080643Z_models-gradient_boosting-logistic-random_forest_seed-42_a8f28225\GOOGL_1d\gradient_boosting\metadata.json,analysis\results\ml\ml_20260421T080643Z_models-gradient_boosting-logistic-random_forest_seed-42_a8f28225\GOOGL_1d_gradient_boosting.csv,analysis\results\ml\ml_20260421T080643Z_models-gradient_boosting-logistic-random_forest_seed-42_a8f28225\summary.csv
ml_20260421T080643Z_models-gradient_boosting-logistic-random_forest_seed-42_a8f28225,2026-04-21T09:41:29.147379+00:00,21d6d13aea87344e1cbc268c,loo_ml_v1,JPM_1d,JPM,1d,logistic,standard,42,14,"[""AAPL_1d"", ""AMZN_1d"", ""AUDUSD=X_1d"", ""BTC-USD_1d"", ""ETH-USD_1d"", ""EURUSD=X_1d"", ""GBPUSD=X_1d"", ""GLD_1d"", ""GOOGL_1d"", ""JPYUSD=X_1d"", ""MSFT_1d"", ""USO_1d"", ""^DJI_1d"", ""^GSPC_1d""]",17500,1250,5,0.635009871913798,0.5933066666666666,0.49415342343107216,0.4872,"{""clf__C"": 0.01}",0.55,0.45,0.001,0.0,-57.62585934229657,137.80719150122817,-195.43305084352474,-0.9115150249073214,66.14853637561636,-22.176015230396352,252,0.7136,"[""ret_1"", ""ret_3"", ""ret_5"", ""ret_10"", ""close_ma20_ratio"", ""close_ma50_ratio"", ""ma20_slope"", ""ma50_slope"", ""rolling_std_10"", ""atr_close"", ""rsi_14"", ""roc_10"", ""intrabar_pos"", ""breakout_dist_20""]",models\ml_registry\ml_20260421T080643Z_models-gradient_boosting-logistic-random_forest_seed-42_a8f28225\JPM_1d\logistic\model.joblib,models\ml_registry\ml_20260421T080643Z_models-gradient_boosting-logistic-random_forest_seed-42_a8f28225\JPM_1d\logistic\metadata.json,analysis\results\ml\ml_20260421T080643Z_models-gradient_boosting-logistic-random_forest_seed-42_a8f28225\JPM_1d_logistic.csv,analysis\results\ml\ml_20260421T080643Z_models-gradient_boosting-logistic-random_forest_seed-42_a8f28225\summary.csv
ml_20260421T080643Z_models-gradient_boosting-logistic-random_forest_seed-42_a8f28225,2026-04-21T09:42:33.483933+00:00,54739f97ead8a1122a30a635,loo_ml_v1,JPM_1d,JPM,1d,random_forest,standard,42,14,"[""AAPL_1d"", ""AMZN_1d"", ""AUDUSD=X_1d"", ""BTC-USD_1d"", ""ETH-USD_1d"", ""EURUSD=X_1d"", ""GBPUSD=X_1d"", ""GLD_1d"", ""GOOGL_1d"", ""JPYUSD=X_1d"", ""MSFT_1d"", ""USO_1d"", ""^DJI_1d"", ""^GSPC_1d""]",17500,1250,5,0.6591286754032432,0.5969866666666668,0.5144678650540664,0.5176,"{""max_depth"": 10, ""max_features"": ""sqrt"", ""min_samples_leaf"": 1, ""n_estimators"": 500}",0.55,0.45,0.001,0.0,-36.75550508728735,137.80719150122817,-174.5626965885155,-0.8461677607054505,42.80979349498567,-12.52204200115905,186,0.2288,"[""ret_1"", ""ret_3"", ""ret_5"", ""ret_10"", ""close_ma20_ratio"", ""close_ma50_ratio"", ""ma20_slope"", ""ma50_slope"", ""rolling_std_10"", ""atr_close"", ""rsi_14"", ""roc_10"", ""intrabar_pos"", ""breakout_dist_20""]",models\ml_registry\ml_20260421T080643Z_models-gradient_boosting-logistic-random_forest_seed-42_a8f28225\JPM_1d\random_forest\model.joblib,models\ml_registry\ml_20260421T080643Z_models-gradient_boosting-logistic-random_forest_seed-42_a8f28225\JPM_1d\random_forest\metadata.json,analysis\results\ml\ml_20260421T080643Z_models-gradient_boosting-logistic-random_forest_seed-42_a8f28225\JPM_1d_random_forest.csv,analysis\results\ml\ml_20260421T080643Z_models-gradient_boosting-logistic-random_forest_seed-42_a8f28225\summary.csv
ml_20260421T080643Z_models-gradient_boosting-logistic-random_forest_seed-42_a8f28225,2026-04-21T09:52:18.875548+00:00,65cb811e36d1ddd70f4a917e,loo_ml_v1,JPM_1d,JPM,1d,gradient_boosting,standard,42,14,"[""AAPL_1d"", ""AMZN_1d"", ""AUDUSD=X_1d"", ""BTC-USD_1d"", ""ETH-USD_1d"", ""EURUSD=X_1d"", ""GBPUSD=X_1d"", ""GLD_1d"", ""GOOGL_1d"", ""JPYUSD=X_1d"", ""MSFT_1d"", ""USO_1d"", ""^DJI_1d"", ""^GSPC_1d""]",17500,1250,5,0.6589165985862803,0.6020266666666667,0.514925814725912,0.5152,"{""learning_rate"": 0.01, ""max_depth"": 4, ""n_estimators"": 700, ""subsample"": 0.7}",0.55,0.45,0.001,0.0,-47.80488722454477,137.80719150122817,-185.61207872577296,-1.1270315574775416,50.02764968850754,-17.291924911754897,213,0.2672,"[""ret_1"", ""ret_3"", ""ret_5"", ""ret_10"", ""close_ma20_ratio"", ""close_ma50_ratio"", ""ma20_slope"", ""ma50_slope"", ""rolling_std_10"", ""atr_close"", ""rsi_14"", ""roc_10"", ""intrabar_pos"", ""breakout_dist_20""]",models\ml_registry\ml_20260421T080643Z_models-gradient_boosting-logistic-random_forest_seed-42_a8f28225\JPM_1d\gradient_boosting\model.joblib,models\ml_registry\ml_20260421T080643Z_models-gradient_boosting-logistic-random_forest_seed-42_a8f28225\JPM_1d\gradient_boosting\metadata.json,analysis\results\ml\ml_20260421T080643Z_models-gradient_boosting-logistic-random_forest_seed-42_a8f28225\JPM_1d_gradient_boosting.csv,analysis\results\ml\ml_20260421T080643Z_models-gradient_boosting-logistic-random_forest_seed-42_a8f28225\summary.csv
ml_20260421T080643Z_models-gradient_boosting-logistic-random_forest_seed-42_a8f28225,2026-04-21T09:52:19.246585+00:00,7fa56f8a9b9fe3e3c2f892b1,loo_ml_v1,JPYUSD=X_1d,JPYUSD=X,1d,logistic,standard,42,14,"[""AAPL_1d"", ""AMZN_1d"", ""AUDUSD=X_1d"", ""BTC-USD_1d"", ""ETH-USD_1d"", ""EURUSD=X_1d"", ""GBPUSD=X_1d"", ""GLD_1d"", ""GOOGL_1d"", ""JPM_1d"", ""MSFT_1d"", ""USO_1d"", ""^DJI_1d"", ""^GSPC_1d""]",17500,1250,5,0.5865851180015457,0.55864,0.8988465203969584,0.82,"{""clf__C"": 0.01}",0.55,0.45,0.001,0.0,-73.84055126846305,-30.464174554947697,-43.37637671351535,-3.656961509002446,74.08055086907346,-32.3998674344187,241,0.7464,"[""ret_1"", ""ret_3"", ""ret_5"", ""ret_10"", ""close_ma20_ratio"", ""close_ma50_ratio"", ""ma20_slope"", ""ma50_slope"", ""rolling_std_10"", ""atr_close"", ""rsi_14"", ""roc_10"", ""intrabar_pos"", ""breakout_dist_20""]",models\ml_registry\ml_20260421T080643Z_models-gradient_boosting-logistic-random_forest_seed-42_a8f28225\JPYUSD=X_1d\logistic\model.joblib,models\ml_registry\ml_20260421T080643Z_models-gradient_boosting-logistic-random_forest_seed-42_a8f28225\JPYUSD=X_1d\logistic\metadata.json,analysis\results\ml\ml_20260421T080643Z_models-gradient_boosting-logistic-random_forest_seed-42_a8f28225\JPYUSD=X_1d_logistic.csv,analysis\results\ml\ml_20260421T080643Z_models-gradient_boosting-logistic-random_forest_seed-42_a8f28225\summary.csv
ml_20260421T080643Z_models-gradient_boosting-logistic-random_forest_seed-42_a8f28225,2026-04-21T09:53:23.662604+00:00,153972ae5a6fdc9b2611be9b,loo_ml_v1,JPYUSD=X_1d,JPYUSD=X,1d,random_forest,standard,42,14,"[""AAPL_1d"", ""AMZN_1d"", ""AUDUSD=X_1d"", ""BTC-USD_1d"", ""ETH-USD_1d"", ""EURUSD=X_1d"", ""GBPUSD=X_1d"", ""GLD_1d"", ""GOOGL_1d"", ""JPM_1d"", ""MSFT_1d"", ""USO_1d"", ""^DJI_1d"", ""^GSPC_1d""]",17500,1250,5,0.6149391384092446,0.5784,0.8811947086000786,0.7968,"{""max_depth"": 10, ""max_features"": ""sqrt"", ""min_samples_leaf"": 5, ""n_estimators"": 500}",0.55,0.45,0.001,0.0,-65.46765531158756,-30.464174554947697,-35.00348075663987,-2.992605265722225,65.7112954159669,-26.69020389257727,139,0.8168,"[""ret_1"", ""ret_3"", ""ret_5"", ""ret_10"", ""close_ma20_ratio"", ""close_ma50_ratio"", ""ma20_slope"", ""ma50_slope"", ""rolling_std_10"", ""atr_close"", ""rsi_14"", ""roc_10"", ""intrabar_pos"", ""breakout_dist_20""]",models\ml_registry\ml_20260421T080643Z_models-gradient_boosting-logistic-random_forest_seed-42_a8f28225\JPYUSD=X_1d\random_forest\model.joblib,models\ml_registry\ml_20260421T080643Z_models-gradient_boosting-logistic-random_forest_seed-42_a8f28225\JPYUSD=X_1d\random_forest\metadata.json,analysis\results\ml\ml_20260421T080643Z_models-gradient_boosting-logistic-random_forest_seed-42_a8f28225\JPYUSD=X_1d_random_forest.csv,analysis\results\ml\ml_20260421T080643Z_models-gradient_boosting-logistic-random_forest_seed-42_a8f28225\summary.csv
ml_20260421T080643Z_models-gradient_boosting-logistic-random_forest_seed-42_a8f28225,2026-04-21T10:03:18.402223+00:00,d4c4f96719bd9da309750f67,loo_ml_v1,JPYUSD=X_1d,JPYUSD=X,1d,gradient_boosting,standard,42,14,"[""AAPL_1d"", ""AMZN_1d"", ""AUDUSD=X_1d"", ""BTC-USD_1d"", ""ETH-USD_1d"", ""EURUSD=X_1d"", ""GBPUSD=X_1d"", ""GLD_1d"", ""GOOGL_1d"", ""JPM_1d"", ""MSFT_1d"", ""USO_1d"", ""^DJI_1d"", ""^GSPC_1d""]",17500,1250,5,0.6129973103801909,0.5744,0.8888448629498417,0.8,"{""learning_rate"": 0.01, ""max_depth"": 4, ""n_estimators"": 700, ""subsample"": 0.7}",0.55,0.45,0.001,0.0,-69.75619857905095,-30.464174554947697,-39.29202402410325,-3.293477977978621,69.84712148354262,-29.47455707975135,155,0.8056,"[""ret_1"", ""ret_3"", ""ret_5"", ""ret_10"", ""close_ma20_ratio"", ""close_ma50_ratio"", ""ma20_slope"", ""ma50_slope"", ""rolling_std_10"", ""atr_close"", ""rsi_14"", ""roc_10"", ""intrabar_pos"", ""breakout_dist_20""]",models\ml_registry\ml_20260421T080643Z_models-gradient_boosting-logistic-random_forest_seed-42_a8f28225\JPYUSD=X_1d\gradient_boosting\model.joblib,models\ml_registry\ml_20260421T080643Z_models-gradient_boosting-logistic-random_forest_seed-42_a8f28225\JPYUSD=X_1d\gradient_boosting\metadata.json,analysis\results\ml\ml_20260421T080643Z_models-gradient_boosting-logistic-random_forest_seed-42_a8f28225\JPYUSD=X_1d_gradient_boosting.csv,analysis\results\ml\ml_20260421T080643Z_models-gradient_boosting-logistic-random_forest_seed-42_a8f28225\summary.csv
ml_20260421T080643Z_models-gradient_boosting-logistic-random_forest_seed-42_a8f28225,2026-04-21T10:03:18.786414+00:00,cd499652f07ed7dee0dcc0dd,loo_ml_v1,MSFT_1d,MSFT,1d,logistic,standard,42,14,"[""AAPL_1d"", ""AMZN_1d"", ""AUDUSD=X_1d"", ""BTC-USD_1d"", ""ETH-USD_1d"", ""EURUSD=X_1d"", ""GBPUSD=X_1d"", ""GLD_1d"", ""GOOGL_1d"", ""JPM_1d"", ""JPYUSD=X_1d"", ""USO_1d"", ""^DJI_1d"", ""^GSPC_1d""]",17500,1250,5,0.6136313448585462,0.5803733333333334,0.5037170862963676,0.4888,"{""clf__C"": 0.01}",0.55,0.45,0.001,0.0,-14.902995524853512,66.31269435728733,-81.21568988214084,-0.051308179412742586,40.44147095342092,-4.602945046326079,260,0.7136,"[""ret_1"", ""ret_3"", ""ret_5"", ""ret_10"", ""close_ma20_ratio"", ""close_ma50_ratio"", ""ma20_slope"", ""ma50_slope"", ""rolling_std_10"", ""atr_close"", ""rsi_14"", ""roc_10"", ""intrabar_pos"", ""breakout_dist_20""]",models\ml_registry\ml_20260421T080643Z_models-gradient_boosting-logistic-random_forest_seed-42_a8f28225\MSFT_1d\logistic\model.joblib,models\ml_registry\ml_20260421T080643Z_models-gradient_boosting-logistic-random_forest_seed-42_a8f28225\MSFT_1d\logistic\metadata.json,analysis\results\ml\ml_20260421T080643Z_models-gradient_boosting-logistic-random_forest_seed-42_a8f28225\MSFT_1d_logistic.csv,analysis\results\ml\ml_20260421T080643Z_models-gradient_boosting-logistic-random_forest_seed-42_a8f28225\summary.csv
ml_20260421T080643Z_models-gradient_boosting-logistic-random_forest_seed-42_a8f28225,2026-04-21T10:04:23.551877+00:00,4920548183a6ddc5bcc019d6,loo_ml_v1,MSFT_1d,MSFT,1d,random_forest,standard,42,14,"[""AAPL_1d"", ""AMZN_1d"", ""AUDUSD=X_1d"", ""BTC-USD_1d"", ""ETH-USD_1d"", ""EURUSD=X_1d"", ""GBPUSD=X_1d"", ""GLD_1d"", ""GOOGL_1d"", ""JPM_1d"", ""JPYUSD=X_1d"", ""USO_1d"", ""^DJI_1d"", ""^GSPC_1d""]",17500,1250,5,0.6404255469887963,0.5957333333333332,0.5122147479018515,0.5152,"{""max_depth"": 10, ""max_features"": ""sqrt"", ""min_samples_leaf"": 1, ""n_estimators"": 500}",0.55,0.45,0.001,0.0,4.472208344422657,66.31269435728733,-61.84048601286467,0.1622279727959584,32.80974927878408,1.2857215436905989,202,0.2496,"[""ret_1"", ""ret_3"", ""ret_5"", ""ret_10"", ""close_ma20_ratio"", ""close_ma50_ratio"", ""ma20_slope"", ""ma50_slope"", ""rolling_std_10"", ""atr_close"", ""rsi_14"", ""roc_10"", ""intrabar_pos"", ""breakout_dist_20""]",models\ml_registry\ml_20260421T080643Z_models-gradient_boosting-logistic-random_forest_seed-42_a8f28225\MSFT_1d\random_forest\model.joblib,models\ml_registry\ml_20260421T080643Z_models-gradient_boosting-logistic-random_forest_seed-42_a8f28225\MSFT_1d\random_forest\metadata.json,analysis\results\ml\ml_20260421T080643Z_models-gradient_boosting-logistic-random_forest_seed-42_a8f28225\MSFT_1d_random_forest.csv,analysis\results\ml\ml_20260421T080643Z_models-gradient_boosting-logistic-random_forest_seed-42_a8f28225\summary.csv
ml_20260421T080643Z_models-gradient_boosting-logistic-random_forest_seed-42_a8f28225,2026-04-21T10:14:07.294760+00:00,b6a9f79223eef5ed33519ca0,loo_ml_v1,MSFT_1d,MSFT,1d,gradient_boosting,standard,42,14,"[""AAPL_1d"", ""AMZN_1d"", ""AUDUSD=X_1d"", ""BTC-USD_1d"", ""ETH-USD_1d"", ""EURUSD=X_1d"", ""GBPUSD=X_1d"", ""GLD_1d"", ""GOOGL_1d"", ""JPM_1d"", ""JPYUSD=X_1d"", ""USO_1d"", ""^DJI_1d"", ""^GSPC_1d""]",17500,1250,5,0.6384740904189267,0.59144,0.512471010314562,0.5224,"{""learning_rate"": 0.01, ""max_depth"": 4, ""n_estimators"": 700, ""subsample"": 0.7}",0.55,0.45,0.001,0.0,21.181182675296583,66.31269435728733,-45.131511681990744,0.423914053523205,19.441590195669622,5.770138860511764,212,0.2872,"[""ret_1"", ""ret_3"", ""ret_5"", ""ret_10"", ""close_ma20_ratio"", ""close_ma50_ratio"", ""ma20_slope"", ""ma50_slope"", ""rolling_std_10"", ""atr_close"", ""rsi_14"", ""roc_10"", ""intrabar_pos"", ""breakout_dist_20""]",models\ml_registry\ml_20260421T080643Z_models-gradient_boosting-logistic-random_forest_seed-42_a8f28225\MSFT_1d\gradient_boosting\model.joblib,models\ml_registry\ml_20260421T080643Z_models-gradient_boosting-logistic-random_forest_seed-42_a8f28225\MSFT_1d\gradient_boosting\metadata.json,analysis\results\ml\ml_20260421T080643Z_models-gradient_boosting-logistic-random_forest_seed-42_a8f28225\MSFT_1d_gradient_boosting.csv,analysis\results\ml\ml_20260421T080643Z_models-gradient_boosting-logistic-random_forest_seed-42_a8f28225\summary.csv
ml_20260421T080643Z_models-gradient_boosting-logistic-random_forest_seed-42_a8f28225,2026-04-21T10:14:07.686044+00:00,d2b5435384205ffbb4d87f6c,loo_ml_v1,USO_1d,USO,1d,logistic,standard,42,14,"[""AAPL_1d"", ""AMZN_1d"", ""AUDUSD=X_1d"", ""BTC-USD_1d"", ""ETH-USD_1d"", ""EURUSD=X_1d"", ""GBPUSD=X_1d"", ""GLD_1d"", ""GOOGL_1d"", ""JPM_1d"", ""JPYUSD=X_1d"", ""MSFT_1d"", ""^DJI_1d"", ""^GSPC_1d""]",17500,1250,5,0.6122914440145879,0.57704,0.5213859924000936,0.52,"{""clf__C"": 0.01}",0.55,0.45,0.001,0.0,-47.45572918427706,181.41961952487824,-228.8753487091553,-0.3654121221658647,63.15249543301312,-17.130750082558087,263,0.6968,"[""ret_1"", ""ret_3"", ""ret_5"", ""ret_10"", ""close_ma20_ratio"", ""close_ma50_ratio"", ""ma20_slope"", ""ma50_slope"", ""rolling_std_10"", ""atr_close"", ""rsi_14"", ""roc_10"", ""intrabar_pos"", ""breakout_dist_20""]",models\ml_registry\ml_20260421T080643Z_models-gradient_boosting-logistic-random_forest_seed-42_a8f28225\USO_1d\logistic\model.joblib,models\ml_registry\ml_20260421T080643Z_models-gradient_boosting-logistic-random_forest_seed-42_a8f28225\USO_1d\logistic\metadata.json,analysis\results\ml\ml_20260421T080643Z_models-gradient_boosting-logistic-random_forest_seed-42_a8f28225\USO_1d_logistic.csv,analysis\results\ml\ml_20260421T080643Z_models-gradient_boosting-logistic-random_forest_seed-42_a8f28225\summary.csv
ml_20260421T080643Z_models-gradient_boosting-logistic-random_forest_seed-42_a8f28225,2026-04-21T10:15:11.979556+00:00,fe2a4cb7d0780d31c65e816f,loo_ml_v1,USO_1d,USO,1d,random_forest,standard,42,14,"[""AAPL_1d"", ""AMZN_1d"", ""AUDUSD=X_1d"", ""BTC-USD_1d"", ""ETH-USD_1d"", ""EURUSD=X_1d"", ""GBPUSD=X_1d"", ""GLD_1d"", ""GOOGL_1d"", ""JPM_1d"", ""JPYUSD=X_1d"", ""MSFT_1d"", ""^DJI_1d"", ""^GSPC_1d""]",17500,1250,5,0.6389336030413889,0.5948533333333332,0.5022292887115405,0.5048,"{""max_depth"": 10, ""max_features"": ""sqrt"", ""min_samples_leaf"": 1, ""n_estimators"": 500}",0.55,0.45,0.001,0.0,3.1800852490396325,181.41961952487824,-178.23953427583862,0.14298659494088614,25.680789232040347,0.918316630121252,158,0.172,"[""ret_1"", ""ret_3"", ""ret_5"", ""ret_10"", ""close_ma20_ratio"", ""close_ma50_ratio"", ""ma20_slope"", ""ma50_slope"", ""rolling_std_10"", ""atr_close"", ""rsi_14"", ""roc_10"", ""intrabar_pos"", ""breakout_dist_20""]",models\ml_registry\ml_20260421T080643Z_models-gradient_boosting-logistic-random_forest_seed-42_a8f28225\USO_1d\random_forest\model.joblib,models\ml_registry\ml_20260421T080643Z_models-gradient_boosting-logistic-random_forest_seed-42_a8f28225\USO_1d\random_forest\metadata.json,analysis\results\ml\ml_20260421T080643Z_models-gradient_boosting-logistic-random_forest_seed-42_a8f28225\USO_1d_random_forest.csv,analysis\results\ml\ml_20260421T080643Z_models-gradient_boosting-logistic-random_forest_seed-42_a8f28225\summary.csv
ml_20260421T080643Z_models-gradient_boosting-logistic-random_forest_seed-42_a8f28225,2026-04-21T10:24:08.728922+00:00,e5eeeb0c0a59a01f05def59d,loo_ml_v1,USO_1d,USO,1d,gradient_boosting,standard,42,14,"[""AAPL_1d"", ""AMZN_1d"", ""AUDUSD=X_1d"", ""BTC-USD_1d"", ""ETH-USD_1d"", ""EURUSD=X_1d"", ""GBPUSD=X_1d"", ""GLD_1d"", ""GOOGL_1d"", ""JPM_1d"", ""JPYUSD=X_1d"", ""MSFT_1d"", ""^DJI_1d"", ""^GSPC_1d""]",17500,1250,5,0.6358879484998641,0.5913600000000001,0.5056150289820396,0.512,"{""learning_rate"": 0.05, ""max_depth"": 4, ""n_estimators"": 100, ""subsample"": 0.7}",0.55,0.45,0.001,0.0,-37.66445601376031,181.41961952487824,-219.08407553863856,-0.4928224985070099,45.16191436194992,-12.89103771073652,190,0.2168,"[""ret_1"", ""ret_3"", ""ret_5"", ""ret_10"", ""close_ma20_ratio"", ""close_ma50_ratio"", ""ma20_slope"", ""ma50_slope"", ""rolling_std_10"", ""atr_close"", ""rsi_14"", ""roc_10"", ""intrabar_pos"", ""breakout_dist_20""]",models\ml_registry\ml_20260421T080643Z_models-gradient_boosting-logistic-random_forest_seed-42_a8f28225\USO_1d\gradient_boosting\model.joblib,models\ml_registry\ml_20260421T080643Z_models-gradient_boosting-logistic-random_forest_seed-42_a8f28225\USO_1d\gradient_boosting\metadata.json,analysis\results\ml\ml_20260421T080643Z_models-gradient_boosting-logistic-random_forest_seed-42_a8f28225\USO_1d_gradient_boosting.csv,analysis\results\ml\ml_20260421T080643Z_models-gradient_boosting-logistic-random_forest_seed-42_a8f28225\summary.csv
ml_20260421T080643Z_models-gradient_boosting-logistic-random_forest_seed-42_a8f28225,2026-04-21T10:24:09.112050+00:00,48624a2351ec1dc895515d8e,loo_ml_v1,^DJI_1d,^DJI,1d,logistic,standard,42,14,"[""AAPL_1d"", ""AMZN_1d"", ""AUDUSD=X_1d"", ""BTC-USD_1d"", ""ETH-USD_1d"", ""EURUSD=X_1d"", ""GBPUSD=X_1d"", ""GLD_1d"", ""GOOGL_1d"", ""JPM_1d"", ""JPYUSD=X_1d"", ""MSFT_1d"", ""USO_1d"", ""^GSPC_1d""]",17500,1250,5,0.6145302627950623,0.58136,0.49717954255625485,0.4904,"{""clf__C"": 0.01}",0.55,0.45,0.001,0.0,-50.75295309988057,45.48377486252495,-96.23672796240552,-1.3159550421368666,50.75295309988057,-18.684185513625085,238,0.7576,"[""ret_1"", ""ret_3"", ""ret_5"", ""ret_10"", ""close_ma20_ratio"", ""close_ma50_ratio"", ""ma20_slope"", ""ma50_slope"", ""rolling_std_10"", ""atr_close"", ""rsi_14"", ""roc_10"", ""intrabar_pos"", ""breakout_dist_20""]",models\ml_registry\ml_20260421T080643Z_models-gradient_boosting-logistic-random_forest_seed-42_a8f28225\^DJI_1d\logistic\model.joblib,models\ml_registry\ml_20260421T080643Z_models-gradient_boosting-logistic-random_forest_seed-42_a8f28225\^DJI_1d\logistic\metadata.json,analysis\results\ml\ml_20260421T080643Z_models-gradient_boosting-logistic-random_forest_seed-42_a8f28225\^DJI_1d_logistic.csv,analysis\results\ml\ml_20260421T080643Z_models-gradient_boosting-logistic-random_forest_seed-42_a8f28225\summary.csv
ml_20260421T080643Z_models-gradient_boosting-logistic-random_forest_seed-42_a8f28225,2026-04-21T10:25:14.423608+00:00,2f7e001fad887f51a95cb700,loo_ml_v1,^DJI_1d,^DJI,1d,random_forest,standard,42,14,"[""AAPL_1d"", ""AMZN_1d"", ""AUDUSD=X_1d"", ""BTC-USD_1d"", ""ETH-USD_1d"", ""EURUSD=X_1d"", ""GBPUSD=X_1d"", ""GLD_1d"", ""GOOGL_1d"", ""JPM_1d"", ""JPYUSD=X_1d"", ""MSFT_1d"", ""USO_1d"", ""^GSPC_1d""]",17500,1250,5,0.6398664261114138,0.5933866666666667,0.4981565469579168,0.5,"{""max_depth"": 10, ""max_features"": ""sqrt"", ""min_samples_leaf"": 5, ""n_estimators"": 500}",0.55,0.45,0.001,0.0,-34.24411382130032,45.48377486252495,-79.72788868382527,-0.8673645632499638,42.14283669394663,-11.52167070035176,177,0.6376,"[""ret_1"", ""ret_3"", ""ret_5"", ""ret_10"", ""close_ma20_ratio"", ""close_ma50_ratio"", ""ma20_slope"", ""ma50_slope"", ""rolling_std_10"", ""atr_close"", ""rsi_14"", ""roc_10"", ""intrabar_pos"", ""breakout_dist_20""]",models\ml_registry\ml_20260421T080643Z_models-gradient_boosting-logistic-random_forest_seed-42_a8f28225\^DJI_1d\random_forest\model.joblib,models\ml_registry\ml_20260421T080643Z_models-gradient_boosting-logistic-random_forest_seed-42_a8f28225\^DJI_1d\random_forest\metadata.json,analysis\results\ml\ml_20260421T080643Z_models-gradient_boosting-logistic-random_forest_seed-42_a8f28225\^DJI_1d_random_forest.csv,analysis\results\ml\ml_20260421T080643Z_models-gradient_boosting-logistic-random_forest_seed-42_a8f28225\summary.csv
ml_20260421T080643Z_models-gradient_boosting-logistic-random_forest_seed-42_a8f28225,2026-04-21T10:35:04.193590+00:00,5017b14a113ac421355f8ff6,loo_ml_v1,^DJI_1d,^DJI,1d,gradient_boosting,standard,42,14,"[""AAPL_1d"", ""AMZN_1d"", ""AUDUSD=X_1d"", ""BTC-USD_1d"", ""ETH-USD_1d"", ""EURUSD=X_1d"", ""GBPUSD=X_1d"", ""GLD_1d"", ""GOOGL_1d"", ""JPM_1d"", ""JPYUSD=X_1d"", ""MSFT_1d"", ""USO_1d"", ""^GSPC_1d""]",17500,1250,5,0.6377819881906043,0.5926933333333334,0.5029001604344069,0.496,"{""learning_rate"": 0.01, ""max_depth"": 4, ""n_estimators"": 700, ""subsample"": 0.7}",0.55,0.45,0.001,0.0,-35.72283445838992,45.48377486252495,-81.20660932091488,-0.9515938786186586,43.13410955383347,-12.107349472857399,197,0.6288,"[""ret_1"", ""ret_3"", ""ret_5"", ""ret_10"", ""close_ma20_ratio"", ""close_ma50_ratio"", ""ma20_slope"", ""ma50_slope"", ""rolling_std_10"", ""atr_close"", ""rsi_14"", ""roc_10"", ""intrabar_pos"", ""breakout_dist_20""]",models\ml_registry\ml_20260421T080643Z_models-gradient_boosting-logistic-random_forest_seed-42_a8f28225\^DJI_1d\gradient_boosting\model.joblib,models\ml_registry\ml_20260421T080643Z_models-gradient_boosting-logistic-random_forest_seed-42_a8f28225\^DJI_1d\gradient_boosting\metadata.json,analysis\results\ml\ml_20260421T080643Z_models-gradient_boosting-logistic-random_forest_seed-42_a8f28225\^DJI_1d_gradient_boosting.csv,analysis\results\ml\ml_20260421T080643Z_models-gradient_boosting-logistic-random_forest_seed-42_a8f28225\summary.csv
ml_20260421T080643Z_models-gradient_boosting-logistic-random_forest_seed-42_a8f28225,2026-04-21T10:35:04.539567+00:00,5f699ebea60257eda1dc9d74,loo_ml_v1,^GSPC_1d,^GSPC,1d,logistic,standard,42,14,"[""AAPL_1d"", ""AMZN_1d"", ""AUDUSD=X_1d"", ""BTC-USD_1d"", ""ETH-USD_1d"", ""EURUSD=X_1d"", ""GBPUSD=X_1d"", ""GLD_1d"", ""GOOGL_1d"", ""JPM_1d"", ""JPYUSD=X_1d"", ""MSFT_1d"", ""USO_1d"", ""^DJI_1d""]",17500,1250,5,0.6149240448485894,0.58184,0.4919860286376892,0.4832,"{""clf__C"": 0.01}",0.55,0.45,0.001,0.0,-53.05509600856012,69.80213083056597,-122.8572268391261,-1.1701205296750297,53.16629667132783,-19.813025257755324,205,0.7936,"[""ret_1"", ""ret_3"", ""ret_5"", ""ret_10"", ""close_ma20_ratio"", ""close_ma50_ratio"", ""ma20_slope"", ""ma50_slope"", ""rolling_std_10"", ""atr_close"", ""rsi_14"", ""roc_10"", ""intrabar_pos"", ""breakout_dist_20""]",models\ml_registry\ml_20260421T080643Z_models-gradient_boosting-logistic-random_forest_seed-42_a8f28225\^GSPC_1d\logistic\model.joblib,models\ml_registry\ml_20260421T080643Z_models-gradient_boosting-logistic-random_forest_seed-42_a8f28225\^GSPC_1d\logistic\metadata.json,analysis\results\ml\ml_20260421T080643Z_models-gradient_boosting-logistic-random_forest_seed-42_a8f28225\^GSPC_1d_logistic.csv,analysis\results\ml\ml_20260421T080643Z_models-gradient_boosting-logistic-random_forest_seed-42_a8f28225\summary.csv
ml_20260421T080643Z_models-gradient_boosting-logistic-random_forest_seed-42_a8f28225,2026-04-21T10:36:08.796160+00:00,72552121bbb2523f558c87a4,loo_ml_v1,^GSPC_1d,^GSPC,1d,random_forest,standard,42,14,"[""AAPL_1d"", ""AMZN_1d"", ""AUDUSD=X_1d"", ""BTC-USD_1d"", ""ETH-USD_1d"", ""EURUSD=X_1d"", ""GBPUSD=X_1d"", ""GLD_1d"", ""GOOGL_1d"", ""JPM_1d"", ""JPYUSD=X_1d"", ""MSFT_1d"", ""USO_1d"", ""^DJI_1d""]",17500,1250,5,0.636768098167396,0.5934133333333333,0.527545050436412,0.5144,"{""max_depth"": 10, ""max_features"": ""sqrt"", ""min_samples_leaf"": 5, ""n_estimators"": 500}",0.55,0.45,0.001,0.0,-28.79920627885818,69.80213083056597,-98.60133710942415,-0.6455700596729992,33.332582865243445,-9.442260772015477,200,0.5448,"[""ret_1"", ""ret_3"", ""ret_5"", ""ret_10"", ""close_ma20_ratio"", ""close_ma50_ratio"", ""ma20_slope"", ""ma50_slope"", ""rolling_std_10"", ""atr_close"", ""rsi_14"", ""roc_10"", ""intrabar_pos"", ""breakout_dist_20""]",models\ml_registry\ml_20260421T080643Z_models-gradient_boosting-logistic-random_forest_seed-42_a8f28225\^GSPC_1d\random_forest\model.joblib,models\ml_registry\ml_20260421T080643Z_models-gradient_boosting-logistic-random_forest_seed-42_a8f28225\^GSPC_1d\random_forest\metadata.json,analysis\results\ml\ml_20260421T080643Z_models-gradient_boosting-logistic-random_forest_seed-42_a8f28225\^GSPC_1d_random_forest.csv,analysis\results\ml\ml_20260421T080643Z_models-gradient_boosting-logistic-random_forest_seed-42_a8f28225\summary.csv
ml_20260421T080643Z_models-gradient_boosting-logistic-random_forest_seed-42_a8f28225,2026-04-21T10:45:54.345869+00:00,d50bea7b5d6fba944b8498d4,loo_ml_v1,^GSPC_1d,^GSPC,1d,gradient_boosting,standard,42,14,"[""AAPL_1d"", ""AMZN_1d"", ""AUDUSD=X_1d"", ""BTC-USD_1d"", ""ETH-USD_1d"", ""EURUSD=X_1d"", ""GBPUSD=X_1d"", ""GLD_1d"", ""GOOGL_1d"", ""JPM_1d"", ""JPYUSD=X_1d"", ""MSFT_1d"", ""USO_1d"", ""^DJI_1d""]",17500,1250,5,0.6359345228415251,0.5905333333333334,0.5221346223639607,0.516,"{""learning_rate"": 0.01, ""max_depth"": 4, ""n_estimators"": 700, ""subsample"": 0.7}",0.55,0.45,0.001,0.0,-23.64531837616407,69.80213083056597,-93.44744920673004,-0.4896168222106996,30.062761940446126,-7.575307184224201,209,0.5504,"[""ret_1"", ""ret_3"", ""ret_5"", ""ret_10"", ""close_ma20_ratio"", ""close_ma50_ratio"", ""ma20_slope"", ""ma50_slope"", ""rolling_std_10"", ""atr_close"", ""rsi_14"", ""roc_10"", ""intrabar_pos"", ""breakout_dist_20""]",models\ml_registry\ml_20260421T080643Z_models-gradient_boosting-logistic-random_forest_seed-42_a8f28225\^GSPC_1d\gradient_boosting\model.joblib,models\ml_registry\ml_20260421T080643Z_models-gradient_boosting-logistic-random_forest_seed-42_a8f28225\^GSPC_1d\gradient_boosting\metadata.json,analysis\results\ml\ml_20260421T080643Z_models-gradient_boosting-logistic-random_forest_seed-42_a8f28225\^GSPC_1d_gradient_boosting.csv,analysis\results\ml\ml_20260421T080643Z_models-gradient_boosting-logistic-random_forest_seed-42_a8f28225\summary.csv
